District,Soil_Type,Nitrogen,Phosphorus,Potassium
Thanjavur,Alluvial,0.24538584080697923,0.37927873170618787,0.49227446256032303
Tiruvarur,Red Loam,0.3766122005493508,0.36631125482748994,0.3052745037656236
Tiruvallur,Red Loam,0.5874607775896539,0.30640900305251173,0.45108916227121215
Kancheepuram,Alluvial,0.24044907044911612,0.12523204183449924,0.410290739437736
Villupuram,Red Loam,0.35866064078170073,0.36756907263303307,0.24398144650760767
Cuddalore,Clay,0.23393508563407678,0.3959918735503527,0.3122812387268361
Tirunelveli,Alluvial,0.5521439874553666,0.17100555810462365,0.4723081119045639
