District,Year,Area,Production,Yield,Annual_Rainfall_mm,Avg_Temperature_C,Soil_Type,Nitrogen,Phosphorus,Potassium,Predicted_Yield
Thanjavur,2010,39345.10772507856,184396.46995608084,4.686642904742807,1148.7337893665863,30.535161581541544,Alluvial,0.24538584080697923,0.37927873170618787,0.49227446256032303,4.459923195627847
Thanjavur,2011,62579.60621774133,242615.78360426243,3.876914513653184,1251.9612595026006,26.79415447568448,Alluvial,0.24538584080697923,0.37927873170618787,0.49227446256032303,4.170135214824348
Thanjavur,2012,25141.211628758374,71873.37894390392,2.858787396773266,1312.179221347536,26.897992699974402,Alluvial,0.24538584080697923,0.37927873170618787,0.49227446256032303,3.053590846102017
Thanjavur,2013,18775.434790932966,84343.10458498799,4.492205135282351,925.3996981592677,30.971931240944194,Alluvial,0.24538584080697923,0.37927873170618787,0.49227446256032303,4.4923862277266915
Thanjavur,2014,54072.475763308576,223241.83520181366,4.128566928930905,1249.6328990472148,31.793787283953424,Alluvial,0.24538584080697923,0.37927873170618787,0.49227446256032303,4.211519225739087
Thanjavur,2015,16337.99212922716,77291.65324363775,4.730792659972587,1257.6128923003434,29.54646882668377,Alluvial,0.24538584080697923,0.37927873170618787,0.49227446256032303,4.694328880763894
Thanjavur,2016,69108.77165202741,206523.26788918552,2.988379954560035,693.6747678280925,27.94172642447547,Alluvial,0.24538584080697923,0.37927873170618787,0.49227446256032303,2.75895901938475
Thanjavur,2017,26818.62286846154,78359.4668500627,2.921830372662898,865.2023676817255,26.951917147032667,Alluvial,0.24538584080697923,0.37927873170618787,0.49227446256032303,2.789638013707082
Thanjavur,2018,34775.745792369955,128911.59590043878,3.706939792754147,1573.0105547524456,28.144781797334083,Alluvial,0.24538584080697923,0.37927873170618787,0.49227446256032303,3.8275596184210325
Thanjavur,2019,43076.426211737526,136544.81983677586,3.1698270224554963,1492.0465551771133,30.049109007978103,Alluvial,0.24538584080697923,0.37927873170618787,0.49227446256032303,3.271177132150048
Thanjavur,2020,54770.43815695467,154498.41708905695,2.8208358794996964,1394.8113035416484,29.021096744841536,Alluvial,0.24538584080697923,0.37927873170618787,0.49227446256032303,3.11156141499702
Thanjavur,2021,33989.402154789175,113614.07144649496,3.342632239575491,1176.903884626359,28.940141550550912,Alluvial,0.24538584080697923,0.37927873170618787,0.49227446256032303,3.192586367400173
Thanjavur,2022,44644.54897410734,192235.17375718342,4.305904711203931,795.2429877980445,30.779616922092043,Alluvial,0.24538584080697923,0.37927873170618787,0.49227446256032303,4.14973980575482
Thanjavur,2023,27978.795840293384,103038.60844350488,3.6827392083513066,880.7723624408558,25.19452773145163,Alluvial,0.24538584080697923,0.37927873170618787,0.49227446256032303,3.8402329484296533
Thanjavur,2024,53506.94697603276,139483.83291205656,2.606835949255995,1245.4722959071678,26.41688543525639,Alluvial,0.24538584080697923,0.37927873170618787,0.49227446256032303,2.864197104869122
Tiruvarur,2010,54490.415373593496,157597.47819514238,2.89220548448077,1540.4585843529144,32.6314286160207,Red Loam,0.3766122005493508,0.36631125482748994,0.3052745037656236,3.0041806823306274
Tiruvarur,2011,19228.35354404317,90035.54900132172,4.682436735682666,1514.8643902204485,27.961269602043554,Red Loam,0.3766122005493508,0.36631125482748994,0.3052745037656236,4.831383271836
Tiruvarur,2012,77766.08214984636,339006.76291630405,4.3593139006678605,615.4566165288675,32.426548500701806,Red Loam,0.3766122005493508,0.36631125482748994,0.3052745037656236,4.0218719680269635
Tiruvarur,2013,34799.8949962691,94817.38990709005,2.724645862214683,1028.1841483173143,32.733238552349356,Red Loam,0.3766122005493508,0.36631125482748994,0.3052745037656236,2.447150190601765
Tiruvarur,2014,59475.1467232902,208897.57534353065,3.512350735601083,1563.6199770892529,31.82407564373888,Red Loam,0.3766122005493508,0.36631125482748994,0.3052745037656236,3.357037605750911
Tiruvarur,2015,22932.485264910625,83449.17870997312,3.638906893255921,894.4488920695857,28.080781828815404,Red Loam,0.3766122005493508,0.36631125482748994,0.3052745037656236,3.587833542625581
Tiruvarur,2016,17235.253872489197,79134.58103812505,4.591436924781199,1451.136671516857,27.53537604125022,Red Loam,0.3766122005493508,0.36631125482748994,0.3052745037656236,4.755825685236241
Tiruvarur,2017,31820.6988040011,128040.16775114644,4.023801254014158,769.4927466860925,29.454410099666802,Red Loam,0.3766122005493508,0.36631125482748994,0.3052745037656236,3.9717087857071367
Tiruvarur,2018,35261.21994581171,130330.98549205712,3.696156448708965,1536.154774160781,30.568238373399783,Red Loam,0.3766122005493508,0.36631125482748994,0.3052745037656236,3.807187265502774
Tiruvarur,2019,50536.16815731318,147826.64284613612,2.925165247708712,1170.061170089365,25.777411950166147,Red Loam,0.3766122005493508,0.36631125482748994,0.3052745037656236,3.1258860192376465
Tiruvarur,2020,78023.0008046963,334157.3364836975,4.282805493730564,1215.0072266991697,32.920430800834104,Red Loam,0.3766122005493508,0.36631125482748994,0.3052745037656236,4.183205524652897
Tiruvarur,2021,76067.4312016723,346723.17921104946,4.558102905983592,740.084015236524,29.146637218909895,Red Loam,0.3766122005493508,0.36631125482748994,0.3052745037656236,4.344072988868021
Tiruvarur,2022,53863.49862272054,248866.1012103265,4.620310740553169,1477.3730719279556,30.926148942033635,Red Loam,0.3766122005493508,0.36631125482748994,0.3052745037656236,4.7023057176724645
Tiruvarur,2023,20752.01263337477,61234.22090818513,2.950760583564034,1297.015740995268,30.619872671896875,Red Loam,0.3766122005493508,0.36631125482748994,0.3052745037656236,3.052632222744858
Tiruvarur,2024,17939.773779184976,58273.04528398332,3.248259760755508,959.4911512197552,27.348734754115945,Red Loam,0.3766122005493508,0.36631125482748994,0.3052745037656236,3.1539364508355914
Tiruvallur,2010,40264.02382981633,125788.94850208682,3.1241027730799606,1409.3611554785136,31.480907157433446,Red Loam,0.5874607775896539,0.30640900305251173,0.45108916227121215,3.084556648694785
Tiruvallur,2011,68867.9380948754,228678.2370783009,3.320532651395255,1467.0723185801037,32.305924420451774,Red Loam,0.5874607775896539,0.30640900305251173,0.45108916227121215,3.2420614842026216
Tiruvallur,2012,33260.74312967975,124667.95036884196,3.748200991263971,1111.342398860938,29.012130357497597,Red Loam,0.5874607775896539,0.30640900305251173,0.45108916227121215,3.896941140074515
Tiruvallur,2013,24160.07462335957,104976.806068997,4.345053055734291,1398.2951789667752,30.19971144622212,Red Loam,0.5874607775896539,0.30640900305251173,0.45108916227121215,4.364045075205789
Tiruvallur,2014,19845.791839185105,94661.25083690812,4.76983995418119,1301.9668772577033,31.366341355488807,Red Loam,0.5874607775896539,0.30640900305251173,0.45108916227121215,4.738177999163893
Tiruvallur,2015,65195.910004282734,192787.30929711254,2.9570460675285966,1490.0053418175662,27.703961254812285,Red Loam,0.5874607775896539,0.30640900305251173,0.45108916227121215,3.1567902075718073
Tiruvallur,2016,15358.937613034155,67203.97280517448,4.375561285446119,975.5829526399441,25.751855518726952,Red Loam,0.5874607775896539,0.30640900305251173,0.45108916227121215,4.444942190502266
Tiruvallur,2017,60945.72735009511,254553.02420452703,4.1767164864942705,1178.280140996174,25.287538190373937,Red Loam,0.5874607775896539,0.30640900305251173,0.45108916227121215,4.327736700825982
Tiruvallur,2018,65132.57253458647,173923.68423116452,2.670302698988408,1065.59801813246,29.34115707766061,Red Loam,0.5874607775896539,0.30640900305251173,0.45108916227121215,2.6823162855357197
Tiruvallur,2019,38300.27235537772,105957.65892440437,2.7664988369077985,886.5412521282844,29.726666084552086,Red Loam,0.5874607775896539,0.30640900305251173,0.45108916227121215,2.519351143416347
Tiruvallur,2020,71101.72268191358,279684.71899703715,3.933585691703383,630.5002499390495,25.298785509993714,Red Loam,0.5874607775896539,0.30640900305251173,0.45108916227121215,3.748651485682222
Tiruvallur,2021,36508.3716154222,96607.87634301774,2.646184205657854,1422.6005606596582,27.881525131290104,Red Loam,0.5874607775896539,0.30640900305251173,0.45108916227121215,2.807566192479902
Tiruvallur,2022,35213.85091151804,114371.82842654779,3.2479216406615183,727.0605126518848,29.177946080438435,Red Loam,0.5874607775896539,0.30640900305251173,0.45108916227121215,2.9727310711623858
Tiruvallur,2023,62424.401591974165,247599.03432857062,3.9663821841169904,1369.9935530986108,26.726568219974745,Red Loam,0.5874607775896539,0.30640900305251173,0.45108916227121215,4.081266067286721
Tiruvallur,2024,72668.82826746123,260597.27286308227,3.586094327872483,1222.8904758190001,25.682779719950144,Red Loam,0.5874607775896539,0.30640900305251173,0.45108916227121215,3.7810632998841553
Kancheepuram,2010,22773.62598598961,94293.35601252246,4.140463010612889,651.6817211686077,29.250837052545183,Alluvial,0.24044907044911612,0.12523204183449924,0.410290739437736,3.7377502765143
Kancheepuram,2011,64451.028160098336,244329.823072443,3.790937554409841,1140.6351216101066,30.099439211985654,Alluvial,0.24044907044911612,0.12523204183449924,0.410290739437736,3.9290579173590374
Kancheepuram,2012,65112.86669704646,236732.79447844136,3.6357298716380986,1326.0913337226616,32.80681663570028,Alluvial,0.24044907044911612,0.12523204183449924,0.410290739437736,3.4091745702728464
Kancheepuram,2013,48977.633909829616,170605.96397535584,3.483344342224664,1116.3003483011953,27.583651783529966,Alluvial,0.24044907044911612,0.12523204183449924,0.410290739437736,3.4976819772686882
Kancheepuram,2014,16652.243238366187,45762.86695285741,2.7481502820846,1395.1861947687037,27.166658010096594,Alluvial,0.24044907044911612,0.12523204183449924,0.410290739437736,2.9470549832794313
Kancheepuram,2015,17042.897069637726,67553.68008048748,3.9637439459066948,1038.971420705636,25.627651050738127,Alluvial,0.24044907044911612,0.12523204183449924,0.410290739437736,4.270315600183169
Kancheepuram,2016,35433.13876996124,130029.43543596333,3.6697125896788165,625.3507434154575,32.701187317423404,Alluvial,0.24044907044911612,0.12523204183449924,0.410290739437736,3.074297064472957
Kancheepuram,2017,73991.82080519604,227404.39969180635,3.073372127042412,1435.9801205122058,30.567793648749586,Alluvial,0.24044907044911612,0.12523204183449924,0.410290739437736,3.1771775140527923
Kancheepuram,2018,41674.88999731593,176608.49934138503,4.237767618649012,1008.95294441427,26.386354560566765,Alluvial,0.24044907044911612,0.12523204183449924,0.410290739437736,4.426642209322271
Kancheepuram,2019,29871.88075695546,79968.63167268848,2.6770537926062237,756.437042671086,27.00194318531676,Alluvial,0.24044907044911612,0.12523204183449924,0.410290739437736,2.574200844327668
Kancheepuram,2020,33833.84443939492,97130.50379101057,2.87080896068421,1149.2266647061206,30.716767381600498,Alluvial,0.24044907044911612,0.12523204183449924,0.410290739437736,2.6926022207401448
Kancheepuram,2021,75430.34740226725,328776.510744479,4.358676872998159,1260.1973767177312,27.239471175567544,Alluvial,0.24044907044911612,0.12523204183449924,0.410290739437736,4.516003506143342
Kancheepuram,2022,56171.244173177525,253015.4693100359,4.504359357431751,1554.865280663194,30.903175333566146,Alluvial,0.24044907044911612,0.12523204183449924,0.410290739437736,4.789343357074288
Kancheepuram,2023,67238.68499844245,196949.58096113786,2.9291111354378825,1154.3540525114008,29.893765969874817,Alluvial,0.24044907044911612,0.12523204183449924,0.410290739437736,2.8500212787230708
Kancheepuram,2024,73016.33490184855,273116.6629082034,3.7404871564059965,1019.6000624277899,26.981847916009258,Alluvial,0.24044907044911612,0.12523204183449924,0.410290739437736,3.944813138627205
Villupuram,2010,67483.61008566406,307793.4197501037,4.561009989824035,955.9726786512615,31.062768883714952,Red Loam,0.35866064078170073,0.36756907263303307,0.24398144650760767,4.411724576164939
Villupuram,2011,35670.22587317115,98204.39179599052,2.7531194264136567,614.3934886297559,25.92858112405533,Red Loam,0.35866064078170073,0.36756907263303307,0.24398144650760767,2.7871385356993934
Villupuram,2012,29815.785565226208,103828.93866257789,3.4823479138403894,646.0026420217528,25.32583041855176,Red Loam,0.35866064078170073,0.36756907263303307,0.24398144650760767,3.4609260231512917
Villupuram,2013,68170.95978496206,305384.1084091719,4.47968034148959,1455.460584011007,30.62926287504019,Red Loam,0.35866064078170073,0.36756907263303307,0.24398144650760767,4.527509920546153
Villupuram,2014,15451.888484527395,56781.345046682436,3.6747187959284013,1074.1738290873252,25.782673285208013,Red Loam,0.35866064078170073,0.36756907263303307,0.24398144650760767,3.9865580448490587
Villupuram,2015,42131.71520467063,126852.18894729385,3.0108479640826795,1091.6158751168323,28.787774166244525,Red Loam,0.35866064078170073,0.36756907263303307,0.24398144650760767,3.0397907286094297
Villupuram,2016,22791.24887668938,74675.86640253778,3.2765148942283444,773.2018699100151,28.470813193903783,Red Loam,0.35866064078170073,0.36756907263303307,0.24398144650760767,3.156218123068479
Villupuram,2017,76289.13075431375,247433.62959033504,3.243366743647737,998.5047343973735,29.926800784417733,Red Loam,0.35866064078170073,0.36756907263303307,0.24398144650760767,3.2270346347860803
Villupuram,2018,48721.3904133188,200583.2167111798,4.116943605458909,1235.0936508676436,25.362432078176354,Red Loam,0.35866064078170073,0.36756907263303307,0.24398144650760767,4.458784065292466
Villupuram,2019,38635.92415465411,182944.91772521063,4.73509879025821,974.6126146264712,30.00687932571389,Red Loam,0.35866064078170073,0.36756907263303307,0.24398144650760767,4.7033467777095606
Villupuram,2020,77559.07417123724,238812.0894690179,3.0790992803983377,1103.1362585800878,31.85191872950658,Red Loam,0.35866064078170073,0.36756907263303307,0.24398144650760767,2.802999277918902
Villupuram,2021,47321.15288300505,151050.07175295753,3.1920201125785703,1258.693631618945,26.303475416651438,Red Loam,0.35866064078170073,0.36756907263303307,0.24398144650760767,3.342469604347883
Villupuram,2022,33514.63213453539,86629.9610199907,2.5848399789154253,670.5687474004299,30.139354225650525,Red Loam,0.35866064078170073,0.36756907263303307,0.24398144650760767,2.2475037461862324
Villupuram,2023,54621.68170869329,199705.70357115378,3.6561617534263813,626.5113105416218,29.686204650187705,Red Loam,0.35866064078170073,0.36756907263303307,0.24398144650760767,3.307199153263019
Villupuram,2024,18346.118831249307,57623.083711145635,3.1408868677442063,1540.2302414249575,29.603793423007033,Red Loam,0.35866064078170073,0.36756907263303307,0.24398144650760767,3.2436019407659775
Cuddalore,2010,74037.28258783248,225887.18268172917,3.0509923485340367,988.169926206522,30.146305747538825,Clay,0.23393508563407678,0.3959918735503527,0.3122812387268361,2.870659633145287
Cuddalore,2011,24418.1666859295,88533.95661111915,3.625741348638395,1058.2528904915166,29.36493431452748,Clay,0.23393508563407678,0.3959918735503527,0.3122812387268361,3.6202159524431954
Cuddalore,2012,79067.27951718905,241687.09795875306,3.056727124476451,1541.4648087765252,28.088821102406193,Clay,0.23393508563407678,0.3959918735503527,0.3122812387268361,3.372459402469387
Cuddalore,2013,58688.81058138211,249528.68993336736,4.2517251152560505,1561.190563823914,32.24280513564851,Clay,0.23393508563407678,0.3959918735503527,0.3122812387268361,4.320016543721172
Cuddalore,2014,30446.440359505978,127110.7708404698,4.174897601807277,795.7911347892964,25.554890407001324,Clay,0.23393508563407678,0.3959918735503527,0.3122812387268361,4.152445414995417
Cuddalore,2015,38905.90362675146,153845.74739460438,3.954303410365233,700.7780013774267,25.1457746052124,Clay,0.23393508563407678,0.3959918735503527,0.3122812387268361,4.074950005658688
Cuddalore,2016,56179.43119945816,209677.46710414084,3.7322817733719447,694.4429607559284,30.464054187330856,Clay,0.23393508563407678,0.3959918735503527,0.3122812387268361,3.447143938318382
Cuddalore,2017,20868.83505353654,92265.2046344376,4.421195739855247,671.1886484602289,27.55180504235009,Clay,0.23393508563407678,0.3959918735503527,0.3122812387268361,4.372907063999374
Cuddalore,2018,35850.70422316283,105006.4464394343,2.9289925739196647,1444.8753109694544,25.186175485886608,Clay,0.23393508563407678,0.3959918735503527,0.3122812387268361,3.2351888420551838
Cuddalore,2019,17650.384201059656,68113.78168127412,3.859053769332956,1414.4684825889358,27.2548381981872,Clay,0.23393508563407678,0.3959918735503527,0.3122812387268361,4.144917380713271
Cuddalore,2020,59041.68351974836,149856.76749479878,2.538152006534069,718.1648276216563,30.573897322913204,Clay,0.23393508563407678,0.3959918735503527,0.3122812387268361,2.402748404629828
Cuddalore,2021,48286.04878945326,145869.26989280232,3.0209402829552574,1228.942846779884,32.019776108216426,Clay,0.23393508563407678,0.3959918735503527,0.3122812387268361,2.67354409996594
Cuddalore,2022,56936.23137661424,165174.44333766258,2.90104278671148,1335.071043803886,31.42784744307879,Clay,0.23393508563407678,0.3959918735503527,0.3122812387268361,2.8316774080770752
Cuddalore,2023,59910.95297666029,203067.65367888575,3.389491296491236,882.0345725713065,26.41951635023778,Clay,0.23393508563407678,0.3959918735503527,0.3122812387268361,3.4689069828491212
Cuddalore,2024,75887.44926788774,213721.68461566686,2.8162981715357844,1350.6147516408582,31.454677914138113,Clay,0.23393508563407678,0.3959918735503527,0.3122812387268361,2.9401531590175765
Tirunelveli,2010,37169.3128182668,102624.0675031049,2.7609890988533548,1590.5051420006735,28.300941415291412,Alluvial,0.5521439874553666,0.17100555810462365,0.4723081119045639,3.0615059538837714
Tirunelveli,2011,75105.08518810658,339315.8007817473,4.517880512776256,972.0180857927832,31.211303685935974,Alluvial,0.5521439874553666,0.17100555810462365,0.4723081119045639,4.348281644305789
Tirunelveli,2012,31766.205801485114,127635.44927735545,4.017963305878611,940.8035402530179,32.446058604828515,Alluvial,0.5521439874553666,0.17100555810462365,0.4723081119045639,3.9271199920860247
Tirunelveli,2013,68119.44301307903,257284.5386397966,3.7769618666787634,1458.4127518430118,28.431952219000145,Alluvial,0.5521439874553666,0.17100555810462365,0.4723081119045639,4.1119699707091435
Tirunelveli,2014,49427.28759314042,151062.65527886295,3.0562602690710388,1350.8710677914974,31.036342992677458,Alluvial,0.5521439874553666,0.17100555810462365,0.4723081119045639,2.993020459628145
Tirunelveli,2015,21051.679907383448,96071.36734033449,4.563596243292651,703.1238688359326,32.220423253436536,Alluvial,0.5521439874553666,0.17100555810462365,0.4723081119045639,4.215778113050867
Tirunelveli,2016,73527.17371561649,290883.3041946867,3.956133351728516,1105.2523724478572,31.611659728861934,Alluvial,0.5521439874553666,0.17100555810462365,0.4723081119045639,3.8641934517228993
Tirunelveli,2017,37036.93641816554,122339.74251196449,3.30318202160912,920.0496010306117,32.164185827969604,Alluvial,0.5521439874553666,0.17100555810462365,0.4723081119045639,3.226857468127314
Tirunelveli,2018,62187.11912656556,283781.81380868464,4.563353597890927,989.2016787341631,25.08670121184239,Alluvial,0.5521439874553666,0.17100555810462365,0.4723081119045639,4.790226428270169
Tirunelveli,2019,72660.61757723262,311983.89317249315,4.293713755472535,1505.3819764192635,25.73029341428907,Alluvial,0.5521439874553666,0.17100555810462365,0.4723081119045639,4.64953246297755
Tirunelveli,2020,56732.057000028704,152809.0390672547,2.6935219194886124,919.3136375904148,32.60049573640644,Alluvial,0.5521439874553666,0.17100555810462365,0.4723081119045639,2.44516138434386
Tirunelveli,2021,25505.866416149896,116476.99317093512,4.566674633612282,1550.607146937556,29.58750310498629,Alluvial,0.5521439874553666,0.17100555810462365,0.4723081119045639,4.574214702908356
Tirunelveli,2022,54417.888877873345,137195.83570030236,2.5211532187182484,1231.8372121697994,28.587564175826557,Alluvial,0.5521439874553666,0.17100555810462365,0.4723081119045639,2.704556464474555
Tirunelveli,2023,21595.650286292086,86945.2557067157,4.026054068948528,893.2107716980645,27.62931636295933,Alluvial,0.5521439874553666,0.17100555810462365,0.4723081119045639,4.055766915521919
Tirunelveli,2024,15329.002950004215,43992.06969250605,2.869858518260247,1272.5184560770385,31.01899623550144,Alluvial,0.5521439874553666,0.17100555810462365,0.4723081119045639,2.9763835778462044
